,low_pw,mean_pw,high_pw
0,1.2987512180902137,1.5810969053719361,1.8634425926536586
