,low_spv,mean_spv,high_spv
0,-0.9245162332927075,-0.14078730443251766,0.6429416244276722
