,low_tw,mean_tw,high_tw
0,1.550926655932502,1.6871824071071189,1.8234381582817358
